"F","H","V"
0,0,0
0.005,0.0454146923337941,0.004975
0.01,0.0807931358959112,0.0099
0.015,0.112360710099377,0.014775
0.02,0.141440542541821,0.0196
0.025,0.16866093149667,0.024375
0.03,0.194391857831576,0.0291
0.035,0.218877726539011,0.033775
0.04,0.242292189082415,0.0384
0.045,0.264765033935681,0.042975
0.05,0.286396957115956,0.0475
0.055,0.30726835986076,0.051975
0.06,0.327444919154476,0.0564
0.065,0.346981288100613,0.060775
0.07,0.365923650900223,0.0651
0.075,0.384311544126497,0.069375
0.08,0.402179190202273,0.0736
0.085,0.419556496238547,0.077775
0.09,0.436469817064103,0.0819
0.095,0.452942548187283,0.085975
0.1,0.468995593589281,0.09
0.105,0.484647739731445,0.093975
0.11,0.499915958164528,0.0979
0.115,0.514815653004716,0.101775
0.12,0.529360865287364,0.1056
0.125,0.543564443199596,0.109375
0.13,0.557438185027989,0.1131
0.135,0.57099296007689,0.116775
0.14,0.584238811642856,0.1204
0.145,0.597185045253784,0.123975
0.15,0.6098403047164,0.1275
0.155,0.622212638006313,0.130975
0.16,0.634309554640566,0.1344
0.165,0.646138075864746,0.137775
0.17,0.65770477874422,0.1411
0.175,0.669015835056558,0.144375
0.18,0.68007704572828,0.1476
0.185,0.690893871435041,0.150775
0.19,0.701471459883897,0.1539
0.195,0.71181467021432,0.156975
0.2,0.721928094887362,0.16
0.205,0.731816079376955,0.162975
0.21,0.741482739931274,0.1659
0.215,0.750931979633847,0.168775
0.22,0.760167502961966,0.1716
0.225,0.769192829013014,0.174375
0.23,0.778011303546538,0.1771
0.235,0.786626109970601,0.179775
0.24,0.795040279384522,0.1824
0.245,0.803256699776064,0.184975
0.25,0.811278124459133,0.1875
0.255,0.819107179827683,0.189975
0.26,0.826746372492618,0.1924
0.265,0.834198095860749,0.194775
0.27,0.841464636208176,0.1971
0.275,0.848548178294616,0.199375
0.28,0.855450810560131,0.2016
0.285,0.862174529941225,0.203775
0.29,0.868721246339405,0.2059
0.295,0.875092786771832,0.207975
0.3,0.881290899230693,0.21
0.305,0.887317256275207,0.211975
0.31,0.893173458377857,0.2139
0.315,0.89886103704429,0.215775
0.32,0.904381457724494,0.2176
0.325,0.909736122531166,0.219375
0.33,0.914926372779728,0.2211
0.335,0.91995349136308,0.222775
0.34,0.92481870497303,0.2244
0.345,0.929523186179226,0.225975
0.35,0.934068055375491,0.2275
0.355,0.938454382602564,0.228975
0.36,0.942683189255492,0.2304
0.365,0.946755449683193,0.231775
0.37,0.950672092687066,0.2331
0.375,0.954434002924965,0.234375
0.38,0.9580420222263,0.2356
0.385,0.961496950823555,0.236775
0.39,0.964799548505087,0.2379
0.395,0.967950535693639,0.238975
0.4,0.970950594454669,0.24
0.405,0.973800369438225,0.240975
0.41,0.976500468757824,0.2419
0.415,0.979051464809459,0.242775
0.42,0.981453895033654,0.2436
0.425,0.983708262623186,0.244375
0.43,0.98581503717892,0.2451
0.435,0.987774655315947,0.245775
0.44,0.989587521222056,0.2464
0.445,0.991254007170369,0.246975
0.45,0.992774453987808,0.2475
0.455,0.994149171480893,0.247975
0.46,0.995378438820226,0.2484
0.465,0.996462504884876,0.248775
0.47,0.99740158856774,0.2491
0.475,0.99819587904281,0.249375
0.48,0.998845535995202,0.2496
0.485,0.99935068981461,0.249775
0.49,0.99971144175281,0.2499
0.495,0.999927864045661,0.249975
0.5,1,0.25
0.505,0.999927864045661,0.249975
0.51,0.99971144175281,0.2499
0.515,0.99935068981461,0.249775
0.52,0.998845535995202,0.2496
0.525,0.99819587904281,0.249375
0.53,0.99740158856774,0.2491
0.535,0.996462504884877,0.248775
0.54,0.995378438820226,0.2484
0.545,0.994149171480893,0.247975
0.55,0.992774453987808,0.2475
0.555,0.991254007170369,0.246975
0.56,0.989587521222056,0.2464
0.565,0.987774655315947,0.245775
0.57,0.98581503717892,0.2451
0.575,0.983708262623186,0.244375
0.58,0.981453895033654,0.2436
0.585,0.979051464809459,0.242775
0.59,0.976500468757824,0.2419
0.595,0.973800369438225,0.240975
0.6,0.970950594454669,0.24
0.605,0.967950535693639,0.238975
0.61,0.964799548505087,0.2379
0.615,0.961496950823555,0.236775
0.62,0.9580420222263,0.2356
0.625,0.954434002924965,0.234375
0.63,0.950672092687066,0.2331
0.635,0.946755449683193,0.231775
0.64,0.942683189255492,0.2304
0.645,0.938454382602564,0.228975
0.65,0.934068055375491,0.2275
0.655,0.929523186179226,0.225975
0.66,0.92481870497303,0.2244
0.665,0.91995349136308,0.222775
0.67,0.914926372779727,0.2211
0.675,0.909736122531166,0.219375
0.68,0.904381457724494,0.2176
0.685,0.89886103704429,0.215775
0.69,0.893173458377857,0.2139
0.695,0.887317256275207,0.211975
0.7,0.881290899230693,0.21
0.705,0.875092786771832,0.207975
0.71,0.868721246339405,0.2059
0.715,0.862174529941225,0.203775
0.72,0.855450810560131,0.2016
0.725,0.848548178294616,0.199375
0.73,0.841464636208176,0.1971
0.735,0.834198095860749,0.194775
0.74,0.826746372492618,0.1924
0.745,0.819107179827683,0.189975
0.75,0.811278124459133,0.1875
0.755,0.803256699776064,0.184975
0.76,0.795040279384522,0.1824
0.765,0.786626109970601,0.179775
0.77,0.778011303546538,0.1771
0.775,0.769192829013014,0.174375
0.78,0.760167502961966,0.1716
0.785,0.750931979633846,0.168775
0.79,0.741482739931274,0.1659
0.795,0.731816079376955,0.162975
0.8,0.721928094887362,0.16
0.805,0.71181467021432,0.156975
0.81,0.701471459883897,0.1539
0.815,0.690893871435041,0.150775
0.82,0.68007704572828,0.1476
0.825,0.669015835056557,0.144375
0.83,0.657704778744219,0.1411
0.835,0.646138075864746,0.137775
0.84,0.634309554640566,0.1344
0.845,0.622212638006313,0.130975
0.85,0.6098403047164,0.1275
0.855,0.597185045253784,0.123975
0.86,0.584238811642856,0.1204
0.865,0.57099296007689,0.116775
0.87,0.557438185027989,0.1131
0.875,0.543564443199596,0.109375
0.88,0.529360865287364,0.1056
0.885,0.514815653004715,0.101775
0.89,0.499915958164528,0.0979
0.895,0.484647739731445,0.093975
0.9,0.468995593589281,0.09
0.905,0.452942548187283,0.085975
0.91,0.436469817064103,0.0819
0.915,0.419556496238547,0.077775
0.92,0.402179190202273,0.0736
0.925,0.384311544126497,0.069375
0.93,0.365923650900223,0.0651
0.935,0.346981288100613,0.060775
0.94,0.327444919154476,0.0564
0.945,0.307268359860759,0.0519749999999999
0.95,0.286396957115956,0.0474999999999999
0.955,0.26476503393568,0.0429749999999999
0.96,0.242292189082415,0.0384
0.965,0.218877726539011,0.033775
0.97,0.194391857831576,0.0291
0.975,0.16866093149667,0.024375
0.98,0.141440542541821,0.0196
0.985,0.112360710099377,0.014775
0.99,0.0807931358959112,0.00990000000000001
0.995,0.0454146923337941,0.004975
1,0,0
